<?xml version="1.0" encoding="UTF-8"?>
<project-private xmlns="http://www.netbeans.org/ns/project-private/1">
    <editor-bookmarks xmlns="http://www.netbeans.org/ns/editor-bookmarks/2" lastBookmarkId="0"/>
    <open-files xmlns="http://www.netbeans.org/ns/projectui-open-files/2">
        <group>
            <file>file:/D:/xampp/htdocs/bank/admin/kistiMore.php</file>
            <file>file:/D:/xampp/htdocs/bank/admin/sheetDaily.php</file>
            <file>file:/D:/xampp/htdocs/bank/admin/inc/dps.php</file>
            <file>file:/D:/xampp/htdocs/bank/admin/index.php</file>
            <file>file:/D:/xampp/htdocs/bank/admin/inc/perment_saving.php</file>
            <file>file:/D:/xampp/htdocs/bank/admin/fixed_deposit_profile.php</file>
            <file>file:/D:/xampp/htdocs/bank/classes/Search.php</file>
            <file>file:/D:/xampp/htdocs/bank/admin/customer_profile.php</file>
            <file>file:/D:/xampp/htdocs/bank/admin/customer_list.php</file>
            <file>file:/D:/xampp/htdocs/bank/admin/inc/fixeddeposittable.php</file>
            <file>file:/D:/xampp/htdocs/bank/classes/Loan.php</file>
        </group>
    </open-files>
</project-private>
